1,E
2,E
3,E
4,E
5,E
6,E
7,E
8,E
9,E
10,E
11,E
12,E
13,E
14,E
15,E
16,E
17,E
18,E
19,E
20,E
21,E
22,E
23,E
24,E
25,E
26,E
27,E
28,E
29,E
30,E
31,E
32,E
33,E
34,E
35,E
36,E
37,E
38,E
39,E
40,E
41,E
42,E
43,E
44,E
45,E
46,E
47,E
48,E
49,E
50,E
51,E
52,E
53,E
54,E
55,E
56,E
57,E
58,E
59,E
60,E
61,E
62,E
63,E
64,E
65,E
66,E
67,E
68,E
69,E
70,E
71,E
72,E
73,E
74,E
75,E
76,E
77,E
78,E
79,E
80,E
81,E
82,E
83,E
84,E
85,E
86,E
87,E
88,E
89,E
90,E
91,E
92,E
93,E
94,E
95,E
96,E
97,E
98,E
99,E
100,E
101,E
102,E
103,E
104,E
105,E
106,E
107,E
108,E
109,E
110,E
111,E
112,E
113,E
114,E
115,E
116,E
117,E
118,E
119,E
120,E
121,E
122,E
123,E
124,E
125,E
126,E
127,E
128,E
129,E
130,E
131,E
132,E
133,E
134,E
135,E
136,E
137,E
138,E
139,E
140,E
141,E
142,E
143,E
144,E
145,E
146,E
147,E
148,E
149,E
150,E
151,E
152,E
153,E
154,E
155,E
156,E
157,E
158,E
159,E
160,E
161,E
162,E
163,E
164,E
165,E
166,E
167,E
168,E
169,E
170,E
171,E
172,E
173,E
174,E
175,E
176,E
177,E
178,E
179,E
180,E
181,E
182,E
183,E
184,E
185,E
186,E
187,E
188,E
189,E
190,E
191,E
192,E
193,E
194,E
195,E
196,E
197,E
198,E
199,E
200,E
201,E
202,E
203,E
204,E
205,E
206,E
207,E
208,E
209,E
210,E
211,E
212,E
213,E
214,E
215,E
216,E
217,E
218,E
219,E
220,E
221,E
222,E
223,E
224,E
225,E
226,E
227,E
228,E
229,E
230,E
231,E
232,E
233,E
234,E
235,E
236,E
237,E
238,E
239,E
240,E
241,E
242,E
243,E
244,E
245,E
246,E
247,E
248,E
249,E
250,E
251,E
252,E
253,E
254,E
255,E
256,E
257,E
258,E
259,E
260,E
261,E
262,E
263,E
264,E
265,E
266,E
267,E
268,E
269,E
270,E
271,E
272,E
273,E
274,E
275,E
276,E
277,E
278,E
279,E
280,E
281,E
282,E
283,E
284,E
285,E
286,E
287,E
288,E
289,E
290,E
291,E
292,E
293,E
294,E
295,E
296,E
297,E
298,E
299,E
300,E
301,E
302,E
303,E
304,E
305,E
306,E
307,E
308,E
309,E
310,E
311,E
312,E
313,E
314,E
315,E
316,E
317,E
318,E
319,E
320,E
321,E
322,E
323,E
324,E
325,E
326,E
327,E
328,E
329,E
330,E
331,E
332,E
333,E
334,E
335,E
336,E
337,E
338,E
339,E
340,E
341,E
342,E
343,E
344,E
345,E
346,E
347,E
348,E
349,E
350,E
351,E
352,E
353,E
354,E
355,E
356,E
357,E
358,E
359,E
360,E
361,E
362,E
363,E
364,E
365,E
366,E
367,E
368,E
369,E
370,E
371,E
372,E
373,E
374,E
375,E
376,E
377,E
378,E
379,E
380,E
381,E
382,E
383,E
384,E
385,E
386,E
387,E
388,E
389,E
390,E
391,E
392,E
393,E
394,E
395,E
396,E
397,E
398,E
399,E
400,E
401,E
402,E
403,E
404,E
405,E
406,E
407,E
408,E
409,E
410,E
411,E
412,E
413,E
414,E
415,E
416,E
417,E
418,E
419,E
420,E
421,E
422,E
423,E
424,E
425,E
426,E
427,E
428,E
429,E
430,E
431,E
432,E
433,E
434,E
435,E
436,E
437,E
438,E
439,E
440,E
441,E
442,E
443,E
444,E
445,E
446,E
447,E
448,E
449,E
450,E
451,E
452,E
453,E
454,E
455,E
456,E
457,E
458,E
459,E
460,E
461,E
462,E
463,E
464,E
465,E
466,E
467,E
468,E
469,E
470,E
471,E
472,E
473,E
474,E
475,E
476,E
477,E
478,E
479,E
480,E
481,E
482,E
483,E
484,E
485,E
486,E
487,E
488,E
489,E
490,E
491,E
492,E
493,E
494,E
495,E
496,E
497,E
498,E
499,E
500,E
501,E
502,E
503,E
504,E
505,E
506,E
507,E
508,E
509,E
510,E
511,E
512,E
513,E
514,E
515,E
516,E
517,E
518,E
519,E
520,E
521,E
522,E
523,E
524,E
525,E
526,E
527,E
528,E
529,E
530,E
531,E
532,E
533,E
534,E
535,E
536,E
537,E
538,E
539,E
540,E
541,E
542,E
543,E
544,E
545,E
546,E
547,E
548,E
549,E
550,E
551,E
552,E
553,E
554,E
555,E
556,E
557,E
558,E
559,E
560,E
561,E
562,E
563,E
564,E
565,E
566,E
567,E
568,E
569,E
570,E
571,E
572,E
573,E
574,E
575,E
576,E
577,E
578,E
579,E
580,E
581,E
582,E
583,E
584,E
585,E
586,E
587,E
588,E
589,E
590,E
591,E
592,E
593,E
594,E
595,E
596,E
597,E
598,E
599,E
600,E
601,E
602,E
603,E
604,E
605,E
606,E
607,E
608,E
609,E
610,E
611,E
612,E
613,E
614,E
615,E
616,E
617,E
618,E
619,E
620,E
621,E
622,E
623,E
624,E
625,E
626,E
627,E
628,E
629,E
630,E
631,E
632,E
633,E
634,E
635,E
636,E
637,E
638,E
639,E
640,E
641,E
642,E
643,E
644,E
645,E
646,E
647,E
648,E
649,E
650,E
651,E
652,E
653,E
654,E
655,E
656,E
657,E
658,E
659,E
660,E
661,E
662,E
663,E
664,E
665,E
666,E
667,E
668,E
669,E
670,E
671,E
672,E
673,E
674,E
675,E
676,E
677,E
678,E
679,E
680,E
681,E
682,E
683,E
684,E
685,E
686,E
687,E
688,E
689,E
690,E
691,E
692,E
693,E
694,E
695,E
696,E
697,E
698,E
699,E
700,E
701,E
702,E
703,E
704,E
705,E
706,E
707,E
708,E
709,E
710,E
711,E
712,E
713,E
714,E
715,E
716,E
717,E
718,E
719,E
720,E
721,E
722,E
723,E
724,E
725,E
726,E
727,E
728,E
729,E
730,E
731,E
732,E
733,E
734,E
735,E
736,E
737,E
738,E
739,E
740,E
741,E
742,E
743,E
744,E
745,E
746,E
747,E
748,E
749,E
750,E
751,E
752,E
753,E
754,E
755,E
756,E
757,E
758,E
759,E
760,E
761,E
762,E
763,E
764,E
765,E
766,E
767,E
768,E
769,E
770,E
771,E
772,E
773,E
774,E
775,E
776,E
777,E
778,E
779,E
780,E
781,E
782,E
783,E
784,E
785,E
786,E
787,E
788,E
789,E
790,E
791,E
792,E
793,E
794,E
795,E
796,E
797,E
798,E
799,E
800,E
801,E
802,E
803,E
804,E
805,E
806,E
807,E
808,E
809,E
810,E
811,E
812,E
813,E
814,E
815,E
816,E
817,E
818,E
819,E
820,E
821,E
822,E
823,E
824,E
825,E
826,E
827,E
828,E
829,E
830,E
831,E
832,E
833,E
834,E
835,E
836,E
837,E
838,E
839,E
840,E
841,E
842,E
843,E
844,E
845,E
846,E
847,E
848,E
849,E
850,E
851,E
852,E
853,E
854,E
855,E
856,E
857,E
858,E
859,E
860,E
861,E
862,E
863,E
864,E
865,E
866,E
867,E
868,E
869,E
870,E
871,E
872,E
873,E
874,E
875,E
876,E
877,E
878,E
879,E
880,E
881,E
882,E
883,E
884,E
885,E
886,E
887,E
888,E
889,E
890,E
891,E
892,E
893,E
894,E
895,E
896,E
897,E
898,E
899,E
900,E
901,E
902,E
903,E
904,E
905,E
906,E
907,E
908,E
909,E
910,E
911,E
912,E
913,E
914,E
915,E
916,E
917,E
918,E
919,E
920,E
921,E
922,E
923,E
924,E
925,E
926,E
927,E
928,E
929,E
930,E
931,E
932,E
933,E
934,E
935,E
936,E
937,E
938,E
939,E
940,E
941,E
942,E
943,E
944,E
945,E
946,E
947,E
948,E
949,E
950,E
951,E
952,E
953,E
954,E
955,E
956,E
957,E
958,E
959,E
960,E
961,E
962,E
963,E
964,E
965,E
966,E
967,E
968,E
969,E
970,E
971,E
972,E
973,E
974,E
975,E
976,E
977,E
978,E
979,E
980,E
981,E
982,E
983,E
984,E
985,E
986,E
987,E
988,E
989,E
990,E
991,E
992,E
993,E
994,E
995,E
996,E
997,E
998,E
999,E
1000,E
1001,E
1002,E
1003,E
1004,E
1005,E
1006,E
1007,E
1008,E
1009,E
1010,E
1011,E
1012,E
1013,E
1014,E
1015,E
1016,E
1017,E
1018,E
1019,E
1020,E
1021,E
1022,E
1023,E
1024,E
1025,E
1026,E
1027,E
1028,E
1029,E
1030,E
1031,E
1032,E
1033,E
1034,E
1035,E
1036,E
1037,E
1038,E
1039,E
1040,E
1041,E
1042,E
1043,E
1044,E
1045,E
1046,E
1047,E
1048,E
1049,E
1050,E
1051,E
1052,E
1053,E
1054,E
1055,E
1056,E
1057,E
1058,E
1059,E
1060,E
1061,E
1062,E
1063,E
1064,E
1065,E
1066,E
1067,E
1068,E
1069,E
1070,E
1071,E
1072,E
1073,E
1074,E
1075,E
1076,E
1077,E
1078,E
1079,E
1080,E
1081,E
1082,E
1083,E
1084,E
1085,E
1086,E
1087,E
1088,E
1089,E
1090,E
1091,E
1092,E
1093,E
1094,E
1095,E
1096,E
1097,E
1098,E
1099,E
1100,E
1101,E
1102,E
1103,E
1104,E
1105,E
1106,E
1107,E
1108,E
1109,E
1110,E
1111,E
1112,E
1113,E
1114,E
1115,E
1116,E
1117,E
1118,E
1119,E
1120,E
1121,E
1122,E
1123,E
1124,E
1125,E
1126,E
1127,E
1128,E
1129,E
1130,E
1131,E
1132,E
1133,E
1134,E
1135,E
1136,E
1137,E
1138,E
1139,E
1140,E
1141,E
1142,E
1143,E
1144,E
1145,E
1146,E
1147,E
1148,E
1149,E
1150,E
1151,E
1152,E
1153,E
1154,E
1155,E
1156,E
1157,E
1158,E
1159,E
1160,E
1161,E
1162,E
1163,E
1164,E
1165,E
1166,E
1167,E
1168,E
1169,E
1170,E
1171,E
1172,E
1173,E
1174,E
1175,E
1176,E
1177,E
1178,E
1179,E
1180,E
1181,E
1182,E
1183,E
1184,E
1185,E
1186,E
1187,E
1188,E
1189,E
1190,E
1191,E
1192,E
1193,E
1194,E
1195,E
1196,E
1197,E
1198,E
1199,E
1200,E
1201,E
1202,E
1203,E
1204,E
1205,E
1206,E
1207,E
1208,E
1209,E
1210,E
1211,E
1212,E
1213,E
1214,E
1215,E
1216,E
1217,E
1218,E
1219,E
1220,E
1221,E
1222,E
1223,E
1224,E
1225,E
1226,E
1227,E
1228,E
1229,E
1230,E
1231,E
1232,E
1233,E
1234,E
1235,E
1236,E
1237,E
1238,E
1239,E
1240,E
1241,E
1242,E
1243,E
1244,E
1245,E
1246,E
1247,E
1248,E
1249,E
1250,E
1251,E
1252,E
1253,E
1254,E
1255,E
1256,E
1257,E
1258,E
1259,E
1260,E
1261,E
1262,E
1263,E
1264,E
1265,E
1266,E
1267,E
1268,E
1269,E
1270,E
1271,E
1272,E
1273,E
1274,E
1275,E
1276,E
1277,E
1278,E
1279,E
1280,E
1281,E
1282,E
1283,E
1284,E
1285,E
1286,E
1287,E
1288,E
1289,E
1290,E
1291,E
1292,E
1293,E
1294,E
1295,E
1296,E
1297,E
1298,E
1299,E
1300,E
1301,E
1302,E
1303,E
1304,E
1305,E
1306,E
1307,E
1308,E
1309,E
1310,E
1311,E
1312,E
1313,E
1314,E
1315,E
1316,E
1317,E
1318,E
1319,E
1320,E
1321,E
1322,E
1323,E
1324,E
1325,E
1326,E
1327,E
1328,E
1329,E
1330,E
1331,E
1332,E
1333,E
1334,E
1335,E
1336,E
1337,E
1338,E
1339,E
1340,E
1341,E
1342,E
1343,E
1344,E
1345,E
1346,E
1347,E
1348,E
1349,E
1350,E
1351,E
1352,E
1353,E
1354,E
1355,E
1356,E
1357,E
1358,E
1359,E
1360,E
1361,E
1362,E
1363,E
1364,E
1365,E
1366,E
1367,E
1368,E
1369,E
1370,E
1371,E
1372,E
1373,E
1374,E
1375,E
1376,E
1377,E
1378,E
1379,E
1380,E
1381,E
1382,E
1383,E
1384,E
1385,E
1386,E
1387,E
1388,E
1389,E
1390,E
1391,E
1392,E
1393,E
1394,E
1395,E
1396,E
1397,E
1398,E
1399,E
1400,E
1401,E
1402,E
1403,E
1404,E
1405,E
1406,E
1407,E
1408,E
1409,E
1410,E
1411,E
1412,E
1413,E
1414,E
1415,E
1416,E
1417,E
1418,E
1419,E
1420,E
1421,E
1422,E
1423,E
1424,E
1425,E
1426,E
1427,E
1428,E
1429,E
1430,E
1431,E
1432,E
1433,E
1434,E
1435,E
1436,E
1437,E
1438,E
1439,E
1440,E
1441,E
1442,E
1443,E
1444,E
1445,E
1446,E
1447,E
1448,E
1449,E
1450,E
1451,E
1452,E
1453,E
1454,E
1455,E
1456,E
1457,E
1458,E
1459,E
1460,E
1461,E
1462,E
1463,E
1464,E
1465,E
1466,E
1467,E
1468,E
1469,E
1470,E
1471,E
1472,E
1473,E
1474,E
1475,E
1476,E
1477,E
1478,E
1479,E
1480,E
1481,E
1482,E
1483,E
1484,E
1485,E
1486,E
1487,E
1488,E
1489,E
1490,E
1491,E
1492,E
1493,E
1494,E
1495,E
1496,E
1497,E
1498,E
1499,E
1500,E
1501,E
1502,E
1503,E
1504,E
1505,E
1506,E
1507,E
1508,E
1509,E
1510,E
1511,E
1512,E
1513,E
1514,E
1515,E
1516,E
1517,E
1518,E
1519,E
1520,E
1521,E
1522,E
1523,E
1524,E
1525,E
1526,E
1527,E
1528,E
1529,E
1530,E
1531,E
1532,E
1533,E
1534,E
1535,E
1536,E
1537,E
1538,E
1539,E
1540,E
1541,E
1542,E
1543,E
1544,E
1545,E
1546,E
1547,E
1548,E
1549,E
1550,E
1551,E
1552,E
1553,E
1554,E
1555,E
1556,E
1557,E
1558,E
1559,E
1560,E
1561,E
1562,E
1563,E
1564,E
1565,E
1566,E
1567,E
1568,E
1569,E
1570,E
1571,E
1572,E
1573,E
1574,E
1575,E
1576,E
1577,E
1578,E
1579,E
1580,E
1581,E
1582,E
1583,E
1584,E
1585,E
1586,E
1587,E
1588,E
1589,E
1590,E
1591,E
1592,E
1593,E
1594,E
1595,E
1596,E
1597,E
1598,E
1599,E
1600,E
1601,E
1602,E
1603,E
1604,E
1605,E
1606,E
1607,E
1608,E
1609,E
1610,E
1611,E
1612,E
1613,E
1614,E
1615,E
1616,E
1617,E
1618,E
1619,E
1620,E
1621,E
1622,E
1623,E
1624,E
1625,E
1626,E
1627,E
1628,E
1629,E
1630,E
1631,E
1632,E
1633,E
1634,E
1635,E
1636,E
1637,E
1638,E
1639,E
1640,E
1641,E
1642,E
1643,E
1644,E
1645,E
1646,E
1647,E
1648,E
1649,E
1650,E
1651,E
1652,E
1653,E
1654,E
1655,E
1656,E
1657,E
1658,E
1659,E
1660,E
1661,E
1662,E
1663,E
1664,E
1665,E
1666,E
1667,E
1668,E
1669,E
1670,E
1671,E
1672,E
1673,E
1674,E
1675,E
1676,E
1677,E
1678,E
1679,E
1680,E
1681,E
1682,E
1683,E
1684,E
1685,E
1686,E
1687,E
1688,E
1689,E
1690,E
1691,E
1692,E
1693,E
1694,E
1695,E
1696,E
1697,E
1698,E
1699,E
1700,E
1701,E
1702,E
1703,E
1704,E
1705,E
1706,E
1707,E
1708,E
1709,E
1710,E
1711,E
1712,E
1713,E
1714,E
1715,E
1716,E
1717,E
1718,E
1719,E
1720,E
1721,E
1722,E
1723,E
1724,E
1725,E
1726,E
1727,E
1728,E
1729,E
1730,E
1731,E
1732,E
1733,E
1734,E
1735,E
1736,E
1737,E
1738,E
1739,E
1740,E
1741,E
1742,E
1743,E
1744,E
1745,E
1746,E
1747,E
1748,E
1749,E
1750,E
1751,E
1752,E
1753,E
1754,E
1755,E
1756,E
1757,E
1758,E
1759,E
1760,E
1761,E
1762,E
1763,E
1764,E
1765,E
1766,E
1767,E
1768,E
1769,E
1770,E
1771,E
1772,E
1773,E
1774,E
1775,E
1776,E
1777,E
1778,E
1779,E
1780,E
1781,E
1782,E
1783,E
1784,E
1785,E
1786,E
1787,E
1788,E
1789,E
1790,E
1791,E
1792,E
1793,E
1794,E
1795,E
1796,E
1797,E
1798,E
1799,E
1800,E
1801,E
1802,E
1803,E
1804,E
1805,E
1806,E
1807,E
1808,E
1809,E
1810,E
1811,E
1812,E
1813,E
1814,E
1815,E
1816,E
1817,E
1818,E
1819,E
1820,E
1821,E
1822,E
1823,E
1824,E
1825,E
1826,E
1827,E
1828,E
1829,E
1830,E
1831,E
1832,E
1833,E
1834,E
1835,E
1836,E
1837,E
1838,E
1839,E
1840,E
1841,E
1842,E
1843,E
1844,E
1845,E
1846,E
1847,E
1848,E
1849,E
1850,E
1851,E
1852,E
1853,E
1854,E
1855,E
1856,E
1857,E
1858,E
1859,E
1860,E
1861,E
1862,E
1863,E
1864,E
1865,E
1866,E
1867,E
1868,E
1869,E
1870,E
1871,E
1872,E
1873,E
1874,E
1875,E
1876,E
1877,E
1878,E
1879,E
1880,E
1881,E
1882,E
1883,E
1884,E
1885,E
1886,E
1887,E
1888,E
1889,E
1890,E
1891,E
1892,E
1893,E
1894,E
1895,E
1896,E
1897,E
1898,E
1899,E
1900,E
1901,E
1902,E
1903,E
1904,E
1905,E
1906,E
1907,E
1908,E
1909,E
1910,E
1911,E
1912,E
1913,E
1914,E
1915,E
1916,E
1917,E
1918,E
1919,E
1920,E
1921,E
1922,E
1923,E
1924,E
1925,E
1926,E
1927,E
1928,E
1929,E
1930,E
1931,E
1932,E
1933,E
1934,E
1935,E
1936,E
1937,E
1938,E
1939,E
1940,E
1941,E
1942,E
1943,E
1944,E
1945,E
1946,E
1947,E
1948,E
1949,E
1950,E
1951,E
1952,E
1953,E
1954,E
1955,E
1956,E
1957,E
1958,E
1959,E
1960,E
1961,E
1962,E
1963,E
1964,E
1965,E
1966,E
1967,E
1968,E
1969,E
1970,E
1971,E
1972,E
1973,E
1974,E
1975,E
1976,E
1977,E
1978,E
1979,E
1980,E
1981,E
1982,E
1983,E
1984,E
1985,E
1986,E
1987,E
1988,E
1989,E
1990,E
1991,E
1992,E
1993,E
1994,E
1995,E
1996,E
1997,E
1998,E
1999,E
2000,E
2001,E
2002,E
2003,E
2004,E
2005,E
2006,E
2007,E
2008,E
2009,E
2010,E
2011,E
2012,E
2013,E
2014,E
2015,E
2016,E
2017,E
2018,E
2019,E
2020,E
2021,E
2022,E
2023,E
2024,E
2025,E
2026,E
2027,E
2028,E
2029,E
2030,E
2031,E
2032,E
2033,E
2034,E
2035,E
2036,E
2037,E
2038,E
2039,E
2040,E
2041,E
2042,E
2043,E
2044,E
2045,E
2046,E
2047,E
2048,E
2049,E
2050,E
2051,E
2052,E
2053,E
2054,E
2055,E
2056,E
2057,E
2058,E
2059,E
2060,E
2061,E
2062,E
2063,E
2064,E
2065,E
2066,E
2067,E
2068,E
2069,E
2070,E
2071,E
2072,E
2073,E
2074,E
2075,E
2076,E
2077,E
2078,E
2079,E
2080,E
2081,E
2082,E
2083,E
2084,E
2085,E
2086,E
2087,E
2088,E
2089,E
2090,E
2091,E
2092,E
2093,E
2094,E
2095,E
2096,E
2097,E
2098,E
2099,E
2100,E
2101,E
2102,E
2103,E
2104,E
2105,E
2106,E
2107,E
2108,E
2109,E
2110,E
2111,E
2112,E
2113,E
2114,E
2115,E
2116,E
2117,E
2118,E
2119,E
2120,E
2121,E
2122,E
2123,E
2124,E
2125,E
2126,E
